                  epoch,         train/box_loss,         train/cls_loss,         train/dfl_loss,   metrics/precision(B),      metrics/recall(B),       metrics/mAP50(B),    metrics/mAP50-95(B),           val/box_loss,           val/cls_loss,           val/dfl_loss,                 lr/pg0,                 lr/pg1,                 lr/pg2
                      1,                 1.2473,                 3.2759,                 1.8409,                  0.004,                      1,                0.09419,                0.02893,                0.86544,                 3.2424,                 1.7242,                  8e-05,                  8e-05,                  8e-05
                      2,                  1.119,                 2.9798,                  1.771,                0.00367,                0.91667,                0.20882,                0.06521,                  1.385,                 3.6446,                  2.586,             0.00017287,             0.00017287,             0.00017287
                      3,                0.87702,                 2.5571,                  1.576,                 0.0035,                  0.875,                0.44197,                0.19591,                 1.4585,                 3.6583,                 2.5063,             0.00025782,             0.00025782,             0.00025782
                      4,                0.93201,                 2.2455,                 1.6379,                0.00333,                0.83333,                0.39147,                0.12621,                 1.6754,                 3.7995,                 2.7679,             0.00033486,             0.00033486,             0.00033486
                      5,                 1.0603,                 2.2484,                 1.7249,                 0.0035,                  0.875,                0.55756,                 0.2839,                 1.4695,                   3.79,                 2.2647,             0.00040397,             0.00040397,             0.00040397
